Run,ReleaseDate,LoadDate,spots,bases,spots_with_mates,avgLength,size_MB,AssemblyName,download_path,Experiment,LibraryName,LibraryStrategy,LibrarySelection,LibrarySource,LibraryLayout,InsertSize,InsertDev,Platform,Model,SRAStudy,BioProject,Study_Pubmed_id,ProjectID,Sample,BioSample,SampleType,TaxID,ScientificName,SampleName,g1k_pop_code,source,g1k_analysis_group,Subject_ID,Sex,Disease,Tumor,Affection_Status,Analyte_Type,Histological_Type,Body_Site,CenterName,Submission,dbgap_study_accession,Consent,RunHash,ReadHash
DRR002579,2014-05-14 12:40:27,2014-04-10 13:22:26,17335372,433384300,0,25,343,,https://sra-downloadb.be-md.ncbi.nlm.nih.gov/sos5/sra-pub-run-32/DRR000/002/DRR002579/DRR002579.1,DRX001934,,OTHER,cDNA,TRANSCRIPTOMIC,SINGLE,0,0,ABI_SOLID,AB SOLiD 4 System,DRP000664,PRJDB2083,2,254594,DRS002086,SAMD00008616,simple,3218,Physcomitrella patens,SAMD00008616,,,,,,,no,,,,,ERATO,DRA000633,,public,4A2A5F00FEE0FE1257F65F7F63F08443,8EA9C9A9D2BA1850E0066FF90471D25A
DRR002589,2014-05-14 12:40:27,2014-04-10 13:21:06,20500439,512510975,0,25,406,,https://sra-downloadb.be-md.ncbi.nlm.nih.gov/sos5/sra-pub-run-32/DRR000/002/DRR002589/DRR002589.1,DRX001944,,OTHER,cDNA,TRANSCRIPTOMIC,SINGLE,0,0,ABI_SOLID,AB SOLiD 4 System,DRP000664,PRJDB2083,2,254594,DRS002086,SAMD00008616,simple,3218,Physcomitrella patens,SAMD00008616,,,,,,,no,,,,,ERATO,DRA000633,,public,1E08CF30ED788F4887AE01E6130133C8,E6A9BA9C1239A270A9D891E6E5B37E95
DRR002578,2014-05-14 12:40:27,2014-04-10 13:20:57,15455745,386393625,0,25,309,,https://sra-downloadb.be-md.ncbi.nlm.nih.gov/sos5/sra-pub-run-32/DRR000/002/DRR002578/DRR002578.1,DRX001933,,OTHER,cDNA,TRANSCRIPTOMIC,SINGLE,0,0,ABI_SOLID,AB SOLiD 4 System,DRP000664,PRJDB2083,2,254594,DRS002086,SAMD00008616,simple,3218,Physcomitrella patens,SAMD00008616,,,,,,,no,,,,,ERATO,DRA000633,,public,63BFC47565D83940B301B0629E4F4BE2,1F28C67DD3B875EAC00D823C5400C290
DRR002587,2014-05-14 12:40:27,2014-04-10 13:22:15,18860349,471508725,0,25,375,,https://sra-downloadb.be-md.ncbi.nlm.nih.gov/sos5/sra-pub-run-32/DRR000/002/DRR002587/DRR002587.1,DRX001942,,OTHER,cDNA,TRANSCRIPTOMIC,SINGLE,0,0,ABI_SOLID,AB SOLiD 4 System,DRP000664,PRJDB2083,2,254594,DRS002086,SAMD00008616,simple,3218,Physcomitrella patens,SAMD00008616,,,,,,,no,,,,,ERATO,DRA000633,,public,D0DEA03E194771FBEF0D66E16F0FD6FB,88CC4A1A458B2D9B9462FFB03AC4F2A5
DRR002565,2014-05-14 12:40:27,2014-04-10 13:21:26,27890057,697251425,0,25,533,,https://sra-downloadb.be-md.ncbi.nlm.nih.gov/sos5/sra-pub-run-32/DRR000/002/DRR002565/DRR002565.1,DRX001920,,OTHER,cDNA,TRANSCRIPTOMIC,SINGLE,0,0,ABI_SOLID,AB SOLiD 3 Plus System,DRP000664,PRJDB2083,2,254594,DRS002086,SAMD00008616,simple,3218,Physcomitrella patens,SAMD00008616,,,,,,,no,,,,,ERATO,DRA000633,,public,3B68DF81AF6C25D4E900EE2D92BB9BBE,608A40B1943BC99D7F3511B2F7B0F529
DRR002567,2014-05-14 12:40:27,2014-04-10 13:24:01,28495287,712382175,0,25,554,,https://sra-downloadb.be-md.ncbi.nlm.nih.gov/sos5/sra-pub-run-32/DRR000/002/DRR002567/DRR002567.1,DRX001922,,OTHER,cDNA,TRANSCRIPTOMIC,SINGLE,0,0,ABI_SOLID,AB SOLiD 3 Plus System,DRP000664,PRJDB2083,2,254594,DRS002086,SAMD00008616,simple,3218,Physcomitrella patens,SAMD00008616,,,,,,,no,,,,,ERATO,DRA000633,,public,96A5D145A31AD5E472280A6A5E43C880,97D3F01D191CEA2FE582E21813646121
DRR002566,2014-05-14 12:40:27,2014-04-10 13:24:23,28766357,719158925,0,25,554,,https://sra-downloadb.be-md.ncbi.nlm.nih.gov/sos5/sra-pub-run-32/DRR000/002/DRR002566/DRR002566.1,DRX001921,,OTHER,cDNA,TRANSCRIPTOMIC,SINGLE,0,0,ABI_SOLID,AB SOLiD 3 Plus System,DRP000664,PRJDB2083,2,254594,DRS002086,SAMD00008616,simple,3218,Physcomitrella patens,SAMD00008616,,,,,,,no,,,,,ERATO,DRA000633,,public,D7D6FF74B2BF9740ECEA94C7933C9D0E,69950B065AC4CA800942556DE071BAAA
DRR002580,2014-05-14 12:40:27,2014-04-10 13:24:22,23843644,596091100,0,25,474,,https://sra-downloadb.be-md.ncbi.nlm.nih.gov/sos5/sra-pub-run-32/DRR000/002/DRR002580/DRR002580.1,DRX001935,,OTHER,cDNA,TRANSCRIPTOMIC,SINGLE,0,0,ABI_SOLID,AB SOLiD 4 System,DRP000664,PRJDB2083,2,254594,DRS002086,SAMD00008616,simple,3218,Physcomitrella patens,SAMD00008616,,,,,,,no,,,,,ERATO,DRA000633,,public,630415351936A79692632D00E19AAC26,5F22DBCC8CFD8DD54D0CB0FB1A70C662
DRR002575,2014-05-14 12:40:27,2014-04-10 13:31:27,19552694,488817350,0,25,391,,https://sra-downloadb.be-md.ncbi.nlm.nih.gov/sos5/sra-pub-run-32/DRR000/002/DRR002575/DRR002575.1,DRX001930,,OTHER,cDNA,TRANSCRIPTOMIC,SINGLE,0,0,ABI_SOLID,AB SOLiD 4 System,DRP000664,PRJDB2083,2,254594,DRS002086,SAMD00008616,simple,3218,Physcomitrella patens,SAMD00008616,,,,,,,no,,,,,ERATO,DRA000633,,public,48D0B244F9EFE132B1630DE923F7CE06,D765A25B353A36FFC64EA5CEC8793E28
DRR002564,2014-05-14 12:40:27,2014-04-10 13:30:21,30237095,755927375,0,25,568,,https://sra-downloadb.be-md.ncbi.nlm.nih.gov/sos5/sra-pub-run-32/DRR000/002/DRR002564/DRR002564.1,DRX001919,,OTHER,cDNA,TRANSCRIPTOMIC,SINGLE,0,0,ABI_SOLID,AB SOLiD 3 Plus System,DRP000664,PRJDB2083,2,254594,DRS002086,SAMD00008616,simple,3218,Physcomitrella patens,SAMD00008616,,,,,,,no,,,,,ERATO,DRA000633,,public,5CF2582773F283955B822D35FBA74C3E,9031FFF03DA1A0450341983DE350F696
DRR002563,2014-05-14 12:40:27,2014-04-10 13:34:58,27584082,689602050,0,25,532,,https://sra-downloadb.be-md.ncbi.nlm.nih.gov/sos5/sra-pub-run-32/DRR000/002/DRR002563/DRR002563.1,DRX001918,,OTHER,cDNA,TRANSCRIPTOMIC,SINGLE,0,0,ABI_SOLID,AB SOLiD 3 Plus System,DRP000664,PRJDB2083,2,254594,DRS002086,SAMD00008616,simple,3218,Physcomitrella patens,SAMD00008616,,,,,,,no,,,,,ERATO,DRA000633,,public,4224ACA1A593C1598B03338C38E18863,808AA80ABABF9D9FD454CC3C482C54D1
DRR002577,2014-05-14 12:40:27,2014-04-10 13:31:43,17466646,436666150,0,25,343,,https://sra-downloadb.be-md.ncbi.nlm.nih.gov/sos5/sra-pub-run-32/DRR000/002/DRR002577/DRR002577.1,DRX001932,,OTHER,cDNA,TRANSCRIPTOMIC,SINGLE,0,0,ABI_SOLID,AB SOLiD 4 System,DRP000664,PRJDB2083,2,254594,DRS002086,SAMD00008616,simple,3218,Physcomitrella patens,SAMD00008616,,,,,,,no,,,,,ERATO,DRA000633,,public,9FD02902A7399DFA288E7F6F515924C0,D66D645F4FB87C8F5D3D37B3ED6898B0
DRR002592,2014-05-14 12:40:27,2014-04-10 13:34:56,22059227,551480675,0,25,440,,https://sra-downloadb.be-md.ncbi.nlm.nih.gov/sos5/sra-pub-run-32/DRR000/002/DRR002592/DRR002592.1,DRX001947,,OTHER,cDNA,TRANSCRIPTOMIC,SINGLE,0,0,ABI_SOLID,AB SOLiD 4 System,DRP000664,PRJDB2083,2,254594,DRS002086,SAMD00008616,simple,3218,Physcomitrella patens,SAMD00008616,,,,,,,no,,,,,ERATO,DRA000633,,public,A7ECB597C9359C06F7255DE8BD6644C7,424E5DC41CA71DB4BA19E73EC5B746D1
DRR002590,2014-05-14 12:40:27,2014-04-10 13:32:04,15395983,384899575,0,25,308,,https://sra-downloadb.be-md.ncbi.nlm.nih.gov/sos5/sra-pub-run-32/DRR000/002/DRR002590/DRR002590.1,DRX001945,,OTHER,cDNA,TRANSCRIPTOMIC,SINGLE,0,0,ABI_SOLID,AB SOLiD 4 System,DRP000664,PRJDB2083,2,254594,DRS002086,SAMD00008616,simple,3218,Physcomitrella patens,SAMD00008616,,,,,,,no,,,,,ERATO,DRA000633,,public,DA580118A32D924D6B222A49537F7DD2,483F8740DB6614900CBEBC9F782E8A87
DRR002588,2014-05-14 12:40:27,2014-04-10 13:35:16,20448333,511208325,0,25,408,,https://sra-downloadb.be-md.ncbi.nlm.nih.gov/sos5/sra-pub-run-32/DRR000/002/DRR002588/DRR002588.1,DRX001943,,OTHER,cDNA,TRANSCRIPTOMIC,SINGLE,0,0,ABI_SOLID,AB SOLiD 4 System,DRP000664,PRJDB2083,2,254594,DRS002086,SAMD00008616,simple,3218,Physcomitrella patens,SAMD00008616,,,,,,,no,,,,,ERATO,DRA000633,,public,FC3C505517D11D7B32C6862D9919F813,60CB26CBD1D20C1B2D42FE771932014F
DRR002568,2014-05-14 12:40:27,2014-04-10 13:37:51,28472953,711823825,0,25,539,,https://sra-downloadb.be-md.ncbi.nlm.nih.gov/sos5/sra-pub-run-32/DRR000/002/DRR002568/DRR002568.1,DRX001923,,OTHER,cDNA,TRANSCRIPTOMIC,SINGLE,0,0,ABI_SOLID,AB SOLiD 3 Plus System,DRP000664,PRJDB2083,2,254594,DRS002086,SAMD00008616,simple,3218,Physcomitrella patens,SAMD00008616,,,,,,,no,,,,,ERATO,DRA000633,,public,6BEF5422EB530FD9CF09C23D7E8A3EBF,F3402398558B797063597B676A898F6F
DRR002591,2014-05-14 12:40:27,2014-04-10 13:34:37,15952955,398823875,0,25,323,,https://sra-downloadb.be-md.ncbi.nlm.nih.gov/sos5/sra-pub-run-32/DRR000/002/DRR002591/DRR002591.1,DRX001946,,OTHER,cDNA,TRANSCRIPTOMIC,SINGLE,0,0,ABI_SOLID,AB SOLiD 4 System,DRP000664,PRJDB2083,2,254594,DRS002086,SAMD00008616,simple,3218,Physcomitrella patens,SAMD00008616,,,,,,,no,,,,,ERATO,DRA000633,,public,2B0A8D2C3A44D45A0892F4BD16978142,F42E720D6CD1A1918DC085DDD96AD12A
DRR002576,2014-05-14 12:40:27,2014-04-10 13:32:24,20516713,512917825,0,25,407,,https://sra-downloadb.be-md.ncbi.nlm.nih.gov/sos5/sra-pub-run-32/DRR000/002/DRR002576/DRR002576.1,DRX001931,,OTHER,cDNA,TRANSCRIPTOMIC,SINGLE,0,0,ABI_SOLID,AB SOLiD 4 System,DRP000664,PRJDB2083,2,254594,DRS002086,SAMD00008616,simple,3218,Physcomitrella patens,SAMD00008616,,,,,,,no,,,,,ERATO,DRA000633,,public,ADBC2CE929E37E8C6951C685DA847B0B,CF61D8335A44F48D25B332EA948395E9
DRR002570,2014-05-14 12:40:27,2014-04-10 13:29:34,21894987,547374675,0,25,433,,https://sra-downloadb.be-md.ncbi.nlm.nih.gov/sos5/sra-pub-run-32/DRR000/002/DRR002570/DRR002570.1,DRX001925,,OTHER,cDNA,TRANSCRIPTOMIC,SINGLE,0,0,ABI_SOLID,AB SOLiD 4 System,DRP000664,PRJDB2083,2,254594,DRS002085,SAMD00008617,simple,3218,Physcomitrella patens,SAMD00008617,,,,,,,no,,,,,ERATO,DRA000633,,public,E73E3F108098658CDCBB631C9F00A1FD,AB074EEF55A4AF00F165A98BFF880F8C
DRR002574,2014-05-14 12:40:27,2014-04-10 13:37:20,22406000,560150000,0,25,440,,https://sra-downloadb.be-md.ncbi.nlm.nih.gov/sos5/sra-pub-run-32/DRR000/002/DRR002574/DRR002574.1,DRX001929,,OTHER,cDNA,TRANSCRIPTOMIC,SINGLE,0,0,ABI_SOLID,AB SOLiD 4 System,DRP000664,PRJDB2083,2,254594,DRS002085,SAMD00008617,simple,3218,Physcomitrella patens,SAMD00008617,,,,,,,no,,,,,ERATO,DRA000633,,public,FF246612BFB52F6220031C484718E4D9,394FB5C9FE0AECFE2AE3ECA5115A44D6
DRR002573,2014-05-14 12:40:27,2014-04-10 13:37:36,18305756,457643900,0,25,366,,https://sra-downloadb.be-md.ncbi.nlm.nih.gov/sos5/sra-pub-run-32/DRR000/002/DRR002573/DRR002573.1,DRX001928,,OTHER,cDNA,TRANSCRIPTOMIC,SINGLE,0,0,ABI_SOLID,AB SOLiD 4 System,DRP000664,PRJDB2083,2,254594,DRS002085,SAMD00008617,simple,3218,Physcomitrella patens,SAMD00008617,,,,,,,no,,,,,ERATO,DRA000633,,public,360A8A64D4F6A0E4B092A6938301B274,783F5065974835B6E72F0973523C920C
DRR002582,2014-05-14 12:40:27,2014-04-10 13:32:58,17963933,449098325,0,25,355,,https://sra-downloadb.be-md.ncbi.nlm.nih.gov/sos5/sra-pub-run-32/DRR000/002/DRR002582/DRR002582.1,DRX001937,,OTHER,cDNA,TRANSCRIPTOMIC,SINGLE,0,0,ABI_SOLID,AB SOLiD 4 System,DRP000664,PRJDB2083,2,254594,DRS002085,SAMD00008617,simple,3218,Physcomitrella patens,SAMD00008617,,,,,,,no,,,,,ERATO,DRA000633,,public,DF03F9C09F44C866876218E94A2E0F13,8EFD4CF6EE12B70DAA618BB4DD72C1B2
DRR002561,2014-05-14 12:40:27,2014-04-10 13:35:06,28363998,709099950,0,25,550,,https://sra-downloadb.be-md.ncbi.nlm.nih.gov/sos5/sra-pub-run-32/DRR000/002/DRR002561/DRR002561.1,DRX001916,,OTHER,cDNA,TRANSCRIPTOMIC,SINGLE,0,0,ABI_SOLID,AB SOLiD 3 Plus System,DRP000664,PRJDB2083,2,254594,DRS002085,SAMD00008617,simple,3218,Physcomitrella patens,SAMD00008617,,,,,,,no,,,,,ERATO,DRA000633,,public,D394DFDE74ECF3D086BA6D4577079FE5,2A57E9915861C011E502A4CB94726270
DRR002560,2014-05-14 12:40:27,2014-04-10 13:34:17,28079654,701991350,0,25,532,,https://sra-downloadb.be-md.ncbi.nlm.nih.gov/sos5/sra-pub-run-32/DRR000/002/DRR002560/DRR002560.1,DRX001915,,OTHER,cDNA,TRANSCRIPTOMIC,SINGLE,0,0,ABI_SOLID,AB SOLiD 3 Plus System,DRP000664,PRJDB2083,2,254594,DRS002085,SAMD00008617,simple,3218,Physcomitrella patens,SAMD00008617,,,,,,,no,,,,,ERATO,DRA000633,,public,A81920BF7EADC4B4201868B95B98FA38,831DEC77141F79B7DC4A20A7A0C05A52
DRR002571,2014-05-14 12:40:27,2014-04-10 13:34:19,28306405,707660125,0,25,553,,https://sra-downloadb.be-md.ncbi.nlm.nih.gov/sos5/sra-pub-run-32/DRR000/002/DRR002571/DRR002571.1,DRX001926,,OTHER,cDNA,TRANSCRIPTOMIC,SINGLE,0,0,ABI_SOLID,AB SOLiD 4 System,DRP000664,PRJDB2083,2,254594,DRS002085,SAMD00008617,simple,3218,Physcomitrella patens,SAMD00008617,,,,,,,no,,,,,ERATO,DRA000633,,public,36B3E2644650FEDE3FEEDDB9BEC0C0A6,C4744B881EFBD9C45839DE59B780EA5C
DRR002558,2014-05-14 12:40:27,2014-04-10 13:31:27,29400458,735011450,0,25,557,,https://sra-downloadb.be-md.ncbi.nlm.nih.gov/sos5/sra-pub-run-32/DRR000/002/DRR002558/DRR002558.1,DRX001913,,OTHER,cDNA,TRANSCRIPTOMIC,SINGLE,0,0,ABI_SOLID,AB SOLiD 3 Plus System,DRP000664,PRJDB2083,2,254594,DRS002085,SAMD00008617,simple,3218,Physcomitrella patens,SAMD00008617,,,,,,,no,,,,,ERATO,DRA000633,,public,C078FE609A17CFFB34C9BE0AEBBE116F,4EB9430D3D04AC014E5AD95135506EF2
DRR002581,2014-05-14 12:40:27,2014-04-10 13:33:15,16434914,410872850,0,25,330,,https://sra-downloadb.be-md.ncbi.nlm.nih.gov/sos5/sra-pub-run-32/DRR000/002/DRR002581/DRR002581.1,DRX001936,,OTHER,cDNA,TRANSCRIPTOMIC,SINGLE,0,0,ABI_SOLID,AB SOLiD 4 System,DRP000664,PRJDB2083,2,254594,DRS002085,SAMD00008617,simple,3218,Physcomitrella patens,SAMD00008617,,,,,,,no,,,,,ERATO,DRA000633,,public,85D0F01927142E4D6692A81DA24B960C,379EC6EEC6EE3A3670E54F7FBB22BD0D
DRR002562,2014-05-14 12:40:27,2014-04-10 13:30:11,30691566,767289150,0,25,582,,https://sra-downloadb.be-md.ncbi.nlm.nih.gov/sos5/sra-pub-run-32/DRR000/002/DRR002562/DRR002562.1,DRX001917,,OTHER,cDNA,TRANSCRIPTOMIC,SINGLE,0,0,ABI_SOLID,AB SOLiD 3 Plus System,DRP000664,PRJDB2083,2,254594,DRS002085,SAMD00008617,simple,3218,Physcomitrella patens,SAMD00008617,,,,,,,no,,,,,ERATO,DRA000633,,public,7B32C3A21348D3FBBE6563EA55C34E81,39F6BCF014FD97F8B52FB45334F9DDE1
DRR002572,2014-05-14 12:40:27,2014-04-10 13:27:13,18214737,455368425,0,25,357,,https://sra-downloadb.be-md.ncbi.nlm.nih.gov/sos5/sra-pub-run-32/DRR000/002/DRR002572/DRR002572.1,DRX001927,,OTHER,cDNA,TRANSCRIPTOMIC,SINGLE,0,0,ABI_SOLID,AB SOLiD 4 System,DRP000664,PRJDB2083,2,254594,DRS002085,SAMD00008617,simple,3218,Physcomitrella patens,SAMD00008617,,,,,,,no,,,,,ERATO,DRA000633,,public,BC0BCC133384D213FD3D4036C99E93A6,33B69B3EF887DA8A3CECEEF836927298
DRR002584,2014-05-14 12:40:27,2014-04-10 13:24:46,16030722,400768050,0,25,317,,https://sra-downloadb.be-md.ncbi.nlm.nih.gov/sos5/sra-pub-run-32/DRR000/002/DRR002584/DRR002584.1,DRX001939,,OTHER,cDNA,TRANSCRIPTOMIC,SINGLE,0,0,ABI_SOLID,AB SOLiD 4 System,DRP000664,PRJDB2083,2,254594,DRS002085,SAMD00008617,simple,3218,Physcomitrella patens,SAMD00008617,,,,,,,no,,,,,ERATO,DRA000633,,public,3BEE7221B72B92C7EE1148E65F0BF245,8C26AD20BFE125456FA37B63D23E4EE7
DRR002557,2014-05-14 12:40:27,2014-04-10 13:26:56,25182646,629566150,0,25,480,,https://sra-downloadb.be-md.ncbi.nlm.nih.gov/sos5/sra-pub-run-32/DRR000/002/DRR002557/DRR002557.1,DRX001912,,OTHER,cDNA,TRANSCRIPTOMIC,SINGLE,0,0,ABI_SOLID,AB SOLiD 3 Plus System,DRP000664,PRJDB2083,2,254594,DRS002085,SAMD00008617,simple,3218,Physcomitrella patens,SAMD00008617,,,,,,,no,,,,,ERATO,DRA000633,,public,E1819FF975169AB391ED68943CB11E7E,0A48B3D29910F79729B3AA8786248622
DRR002585,2014-05-14 12:40:27,2014-04-10 13:21:55,14782354,369558850,0,25,294,,https://sra-downloadb.be-md.ncbi.nlm.nih.gov/sos5/sra-pub-run-32/DRR000/002/DRR002585/DRR002585.1,DRX001940,,OTHER,cDNA,TRANSCRIPTOMIC,SINGLE,0,0,ABI_SOLID,AB SOLiD 4 System,DRP000664,PRJDB2083,2,254594,DRS002085,SAMD00008617,simple,3218,Physcomitrella patens,SAMD00008617,,,,,,,no,,,,,ERATO,DRA000633,,public,8B2B12B026E751D644A078BE6445B7BB,4B22DF9236F9D540366CB8E23C4DB6F5
DRR002583,2014-05-14 12:40:27,2014-04-10 13:22:07,22330586,558264650,0,25,447,,https://sra-downloadb.be-md.ncbi.nlm.nih.gov/sos5/sra-pub-run-32/DRR000/002/DRR002583/DRR002583.1,DRX001938,,OTHER,cDNA,TRANSCRIPTOMIC,SINGLE,0,0,ABI_SOLID,AB SOLiD 4 System,DRP000664,PRJDB2083,2,254594,DRS002085,SAMD00008617,simple,3218,Physcomitrella patens,SAMD00008617,,,,,,,no,,,,,ERATO,DRA000633,,public,2BE58C269834D4C8F2BCD9C9B4D2F03A,70D6DFA5313DA6EA9EAB7AC225F476F2
DRR002559,2014-05-14 12:40:27,2014-04-10 13:25:18,28838640,720966000,0,25,552,,https://sra-downloadb.be-md.ncbi.nlm.nih.gov/sos5/sra-pub-run-32/DRR000/002/DRR002559/DRR002559.1,DRX001914,,OTHER,cDNA,TRANSCRIPTOMIC,SINGLE,0,0,ABI_SOLID,AB SOLiD 3 Plus System,DRP000664,PRJDB2083,2,254594,DRS002085,SAMD00008617,simple,3218,Physcomitrella patens,SAMD00008617,,,,,,,no,,,,,ERATO,DRA000633,,public,6FE8EDD2B59F63DC911281E797E61DDD,CC1324D4FAB6BB2A6FA505B035E083C6
DRR002569,2014-05-14 12:40:27,2014-04-10 13:25:06,22341628,558540700,0,25,446,,https://sra-downloadb.be-md.ncbi.nlm.nih.gov/sos5/sra-pub-run-32/DRR000/002/DRR002569/DRR002569.1,DRX001924,,OTHER,cDNA,TRANSCRIPTOMIC,SINGLE,0,0,ABI_SOLID,AB SOLiD 4 System,DRP000664,PRJDB2083,2,254594,DRS002085,SAMD00008617,simple,3218,Physcomitrella patens,SAMD00008617,,,,,,,no,,,,,ERATO,DRA000633,,public,5B6537F6279D9217808B14D2CC8B2829,E0BD576DDCD3058CD9264052BA9718F6
DRR002586,2014-05-14 12:40:27,2014-04-10 13:20:09,16250805,406270125,0,25,323,,https://sra-downloadb.be-md.ncbi.nlm.nih.gov/sos5/sra-pub-run-32/DRR000/002/DRR002586/DRR002586.1,DRX001941,,OTHER,cDNA,TRANSCRIPTOMIC,SINGLE,0,0,ABI_SOLID,AB SOLiD 4 System,DRP000664,PRJDB2083,2,254594,DRS002085,SAMD00008617,simple,3218,Physcomitrella patens,SAMD00008617,,,,,,,no,,,,,ERATO,DRA000633,,public,20754139A7D4DFD60F751888215EF252,447DACECDDB5E3F035F6C566C363B29C
DRR121271,2018-12-11 16:01:40,2018-12-11 12:57:05,6083724,827386464,6083724,136,357,,https://sra-downloadb.be-md.ncbi.nlm.nih.gov/sos5/sra-pub-zq-11/DRR000/121/DRR121271/DRR121271.sralite.1,DRX114273,Pp0h07,OTHER,cDNA,TRANSCRIPTOMIC,PAIRED,126,0,ILLUMINA,Illumina HiSeq 1500,DRP004649,PRJDB6633,,509590,DRS081737,SAMD00108894,simple,3218,Physcomitrium patens,SAMD00108894,,,,,,,no,,,,,NAIST,DRA006456,,public,CDFBA192D83454C179A78CB87CD80CD8,13765E2E8D63793F289FB6A70FB84719
DRR121272,2018-12-11 16:01:40,2018-12-11 12:57:50,7518672,1022539392,7518672,136,433,,https://sra-downloadb.be-md.ncbi.nlm.nih.gov/sos5/sra-pub-zq-11/DRR000/121/DRR121272/DRR121272.sralite.1,DRX114274,Pp0h08,OTHER,cDNA,TRANSCRIPTOMIC,PAIRED,126,0,ILLUMINA,Illumina HiSeq 1500,DRP004649,PRJDB6633,,509590,DRS081738,SAMD00108895,simple,3218,Physcomitrium patens,SAMD00108895,,,,,,,no,,,,,NAIST,DRA006456,,public,54229AF89DAA855D095F2611B003E5B7,23D34A7DAC808E581A9FCB87D357FD5B
DRR121273,2018-12-11 16:01:40,2018-12-11 12:57:46,5919678,805076208,5919678,136,340,,https://sra-downloadb.be-md.ncbi.nlm.nih.gov/sos5/sra-pub-zq-11/DRR000/121/DRR121273/DRR121273.sralite.1,DRX114275,Pp0h11,OTHER,cDNA,TRANSCRIPTOMIC,PAIRED,126,0,ILLUMINA,Illumina HiSeq 1500,DRP004649,PRJDB6633,,509590,DRS081739,SAMD00108896,simple,3218,Physcomitrium patens,SAMD00108896,,,,,,,no,,,,,NAIST,DRA006456,,public,A2633C62B36F48B403B8868517B7D5C6,BED00284062E3B43CF4B2F1C6C827568
DRR121274,2018-12-11 16:01:40,2018-12-11 12:57:55,7950080,1081210880,7950080,136,455,,https://sra-downloadb.be-md.ncbi.nlm.nih.gov/sos5/sra-pub-zq-11/DRR000/121/DRR121274/DRR121274.sralite.1,DRX114276,Pp0h15,OTHER,cDNA,TRANSCRIPTOMIC,PAIRED,126,0,ILLUMINA,Illumina HiSeq 1500,DRP004649,PRJDB6633,,509590,DRS081740,SAMD00108897,simple,3218,Physcomitrium patens,SAMD00108897,,,,,,,no,,,,,NAIST,DRA006456,,public,0A80AEF9C85573D0EBB711C546ACDD2C,A89664288EF37BD79D3D29FC7745B10F
DRR121275,2018-12-11 16:01:40,2018-12-11 12:57:50,6092203,828539608,6092203,136,350,,https://sra-downloadb.be-md.ncbi.nlm.nih.gov/sos5/sra-pub-zq-11/DRR000/121/DRR121275/DRR121275.sralite.1,DRX114277,Pp0h16,OTHER,cDNA,TRANSCRIPTOMIC,PAIRED,126,0,ILLUMINA,Illumina HiSeq 1500,DRP004649,PRJDB6633,,509590,DRS081741,SAMD00108898,simple,3218,Physcomitrium patens,SAMD00108898,,,,,,,no,,,,,NAIST,DRA006456,,public,0B80F681447D5D10CED4443230403FB0,64C4CF5EDAB6D2B9C2D8CB1808841C9A
DRR121276,2018-12-11 16:01:40,2018-12-11 12:55:40,4433883,603008088,4433883,136,265,,https://sra-downloadb.be-md.ncbi.nlm.nih.gov/sos5/sra-pub-zq-11/DRR000/121/DRR121276/DRR121276.sralite.1,DRX114278,Pp0h17,OTHER,cDNA,TRANSCRIPTOMIC,PAIRED,126,0,ILLUMINA,Illumina HiSeq 1500,DRP004649,PRJDB6633,,509590,DRS081742,SAMD00108899,simple,3218,Physcomitrium patens,SAMD00108899,,,,,,,no,,,,,NAIST,DRA006456,,public,408B557B9B64EE391211F9E191492C46,C23C3D1A6500911E2325BD207DACA3CE
DRR121277,2018-12-11 16:01:40,2018-12-11 12:58:12,8492484,1154977824,8492484,136,485,,https://sra-downloadb.be-md.ncbi.nlm.nih.gov/sos5/sra-pub-zq-11/DRR000/121/DRR121277/DRR121277.sralite.1,DRX114279,Pp0h18,OTHER,cDNA,TRANSCRIPTOMIC,PAIRED,126,0,ILLUMINA,Illumina HiSeq 1500,DRP004649,PRJDB6633,,509590,DRS081743,SAMD00108900,simple,3218,Physcomitrium patens,SAMD00108900,,,,,,,no,,,,,NAIST,DRA006456,,public,DC6365171EEC7BAC684A979394DF02BC,E6D2C03F3674305CCBCFA02DA12A9D5E
DRR121278,2018-12-11 16:01:40,2018-12-11 12:59:13,7701433,1047394888,7701433,136,445,,https://sra-downloadb.be-md.ncbi.nlm.nih.gov/sos5/sra-pub-zq-11/DRR000/121/DRR121278/DRR121278.sralite.1,DRX114280,Pp0h19,OTHER,cDNA,TRANSCRIPTOMIC,PAIRED,126,0,ILLUMINA,Illumina HiSeq 1500,DRP004649,PRJDB6633,,509590,DRS081744,SAMD00108901,simple,3218,Physcomitrium patens,SAMD00108901,,,,,,,no,,,,,NAIST,DRA006456,,public,D03AC076BD6C3732B29217A73FD84028,8F4BFF50A803071D2421AD2E5E272A65
DRR121279,2018-12-11 16:01:40,2018-12-11 12:59:02,6749644,917951584,6749644,136,386,,https://sra-downloadb.be-md.ncbi.nlm.nih.gov/sos5/sra-pub-zq-11/DRR000/121/DRR121279/DRR121279.sralite.1,DRX114281,Pp0h20,OTHER,cDNA,TRANSCRIPTOMIC,PAIRED,126,0,ILLUMINA,Illumina HiSeq 1500,DRP004649,PRJDB6633,,509590,DRS081745,SAMD00108902,simple,3218,Physcomitrium patens,SAMD00108902,,,,,,,no,,,,,NAIST,DRA006456,,public,6729999A6A92411C0C9EFECA758CAA9E,B639C731F2CB8F39340B0DABBAFAAE32
DRR121280,2018-12-11 16:01:40,2018-12-11 12:58:11,6748792,917835712,6748792,136,392,,https://sra-downloadb.be-md.ncbi.nlm.nih.gov/sos5/sra-pub-zq-11/DRR000/121/DRR121280/DRR121280.sralite.1,DRX114282,Pp0h21,OTHER,cDNA,TRANSCRIPTOMIC,PAIRED,126,0,ILLUMINA,Illumina HiSeq 1500,DRP004649,PRJDB6633,,509590,DRS081746,SAMD00108903,simple,3218,Physcomitrium patens,SAMD00108903,,,,,,,no,,,,,NAIST,DRA006456,,public,5E657D6B6FCEADDFD29EA9E2EB883F01,DBB6E4228C2AA4C2CD7E482DAAC709C3
DRR121281,2018-12-11 16:01:40,2018-12-11 12:58:29,7541196,1025602656,7541196,136,429,,https://sra-downloadb.be-md.ncbi.nlm.nih.gov/sos5/sra-pub-zq-11/DRR000/121/DRR121281/DRR121281.sralite.1,DRX114283,Pp0h22,OTHER,cDNA,TRANSCRIPTOMIC,PAIRED,126,0,ILLUMINA,Illumina HiSeq 1500,DRP004649,PRJDB6633,,509590,DRS081747,SAMD00108904,simple,3218,Physcomitrium patens,SAMD00108904,,,,,,,no,,,,,NAIST,DRA006456,,public,63E3D2C1A8409952D021EE464CBD8DEB,C79C6EA01A244B72F6AE7BA6CC2E82FC
DRR121282,2018-12-11 16:01:40,2018-12-11 12:58:38,7864398,1069558128,7864398,136,454,,https://sra-downloadb.be-md.ncbi.nlm.nih.gov/sos5/sra-pub-zq-11/DRR000/121/DRR121282/DRR121282.sralite.1,DRX114284,Pp0h23,OTHER,cDNA,TRANSCRIPTOMIC,PAIRED,126,0,ILLUMINA,Illumina HiSeq 1500,DRP004649,PRJDB6633,,509590,DRS081748,SAMD00108905,simple,3218,Physcomitrium patens,SAMD00108905,,,,,,,no,,,,,NAIST,DRA006456,,public,8CC59B81DE805D189D26EE41B8B98374,A69D99CE467E8B7EBA5B6E09DA7ADFB6
DRR121283,2018-12-11 16:01:40,2018-12-11 12:59:02,6310212,858188832,6310212,136,362,,https://sra-downloadb.be-md.ncbi.nlm.nih.gov/sos5/sra-pub-zq-11/DRR000/121/DRR121283/DRR121283.sralite.1,DRX114285,Pp0h25,OTHER,cDNA,TRANSCRIPTOMIC,PAIRED,126,0,ILLUMINA,Illumina HiSeq 1500,DRP004649,PRJDB6633,,509590,DRS081749,SAMD00108906,simple,3218,Physcomitrium patens,SAMD00108906,,,,,,,no,,,,,NAIST,DRA006456,,public,4145B899FF52C224C4386C6CF041D21D,A88ECC62ECC23BECFAF9EFCB878EE036
DRR121284,2018-12-11 16:01:40,2018-12-11 12:55:41,5838929,794094344,5838929,136,341,,https://sra-downloadb.be-md.ncbi.nlm.nih.gov/sos5/sra-pub-zq-11/DRR000/121/DRR121284/DRR121284.sralite.1,DRX114286,Pp0h26,OTHER,cDNA,TRANSCRIPTOMIC,PAIRED,126,0,ILLUMINA,Illumina HiSeq 1500,DRP004649,PRJDB6633,,509590,DRS081750,SAMD00108907,simple,3218,Physcomitrium patens,SAMD00108907,,,,,,,no,,,,,NAIST,DRA006456,,public,A1CD965EAC5A7E7BDADC3FE188B81403,8CFF8017BB58AE3482826DB0B776E602
DRR121285,2018-12-11 16:01:40,2018-12-11 12:56:19,5551893,755057448,5551893,136,318,,https://sra-downloadb.be-md.ncbi.nlm.nih.gov/sos5/sra-pub-zq-11/DRR000/121/DRR121285/DRR121285.sralite.1,DRX114287,Pp0h27,OTHER,cDNA,TRANSCRIPTOMIC,PAIRED,126,0,ILLUMINA,Illumina HiSeq 1500,DRP004649,PRJDB6633,,509590,DRS081751,SAMD00108908,simple,3218,Physcomitrium patens,SAMD00108908,,,,,,,no,,,,,NAIST,DRA006456,,public,1D1067FA6AD05F2678A6690FB228A1D3,D775222099D1C49F7F0DC9414A84DA55
DRR121286,2018-12-11 16:01:40,2018-12-11 12:59:10,5371267,730492312,5371267,136,315,,https://sra-downloadb.be-md.ncbi.nlm.nih.gov/sos5/sra-pub-zq-11/DRR000/121/DRR121286/DRR121286.sralite.1,DRX114288,Pp0h29,OTHER,cDNA,TRANSCRIPTOMIC,PAIRED,126,0,ILLUMINA,Illumina HiSeq 1500,DRP004649,PRJDB6633,,509590,DRS081752,SAMD00108909,simple,3218,Physcomitrium patens,SAMD00108909,,,,,,,no,,,,,NAIST,DRA006456,,public,22F8601D74C94524215C194C0B915AD1,7AA6B1817201B32EBE01607D51E2B53D
DRR121287,2018-12-11 16:01:40,2018-12-11 12:56:44,5473018,744330448,5473018,136,312,,https://sra-downloadb.be-md.ncbi.nlm.nih.gov/sos5/sra-pub-zq-11/DRR000/121/DRR121287/DRR121287.sralite.1,DRX114289,Pp0h31,OTHER,cDNA,TRANSCRIPTOMIC,PAIRED,126,0,ILLUMINA,Illumina HiSeq 1500,DRP004649,PRJDB6633,,509590,DRS081753,SAMD00108910,simple,3218,Physcomitrium patens,SAMD00108910,,,,,,,no,,,,,NAIST,DRA006456,,public,43B57AD68C93EC90C96279E4FB0844D7,DE68BE556C6045C71D03F05CDAD348E6
DRR121288,2018-12-11 16:01:40,2018-12-11 12:58:15,6106184,830441024,6106184,136,350,,https://sra-downloadb.be-md.ncbi.nlm.nih.gov/sos5/sra-pub-zq-11/DRR000/121/DRR121288/DRR121288.sralite.1,DRX114290,Pp0h32,OTHER,cDNA,TRANSCRIPTOMIC,PAIRED,126,0,ILLUMINA,Illumina HiSeq 1500,DRP004649,PRJDB6633,,509590,DRS081754,SAMD00108911,simple,3218,Physcomitrium patens,SAMD00108911,,,,,,,no,,,,,NAIST,DRA006456,,public,2532CF305275F5AAEEFED8C5D72646EB,C1C98A5A7CC89B9CCEF36FCF234B239F
DRR121289,2018-12-11 16:01:40,2018-12-11 12:58:16,6121818,832567248,6121818,136,347,,https://sra-downloadb.be-md.ncbi.nlm.nih.gov/sos5/sra-pub-zq-11/DRR000/121/DRR121289/DRR121289.sralite.1,DRX114291,Pp0h33,OTHER,cDNA,TRANSCRIPTOMIC,PAIRED,126,0,ILLUMINA,Illumina HiSeq 1500,DRP004649,PRJDB6633,,509590,DRS081755,SAMD00108912,simple,3218,Physcomitrium patens,SAMD00108912,,,,,,,no,,,,,NAIST,DRA006456,,public,D9B2726D3E69F1FA582880813B3C4E6C,2AC6D7166778044E3FE02470EDE3F890
DRR121290,2018-12-11 16:01:40,2018-12-11 12:59:19,4575126,622217136,4575126,136,283,,https://sra-downloadb.be-md.ncbi.nlm.nih.gov/sos5/sra-pub-zq-11/DRR000/121/DRR121290/DRR121290.sralite.1,DRX114292,Pp0h35,OTHER,cDNA,TRANSCRIPTOMIC,PAIRED,126,0,ILLUMINA,Illumina HiSeq 1500,DRP004649,PRJDB6633,,509590,DRS081756,SAMD00108913,simple,3218,Physcomitrium patens,SAMD00108913,,,,,,,no,,,,,NAIST,DRA006456,,public,A8981875288CD7E556E93C48BCAD0D8B,C8ED5EDEEC8AE2DD7DFABFF1A1088996
DRR121291,2018-12-11 16:01:40,2018-12-11 12:58:50,5423603,737610008,5423603,136,311,,https://sra-downloadb.be-md.ncbi.nlm.nih.gov/sos5/sra-pub-zq-11/DRR000/121/DRR121291/DRR121291.sralite.1,DRX114293,Pp0h36,OTHER,cDNA,TRANSCRIPTOMIC,PAIRED,126,0,ILLUMINA,Illumina HiSeq 1500,DRP004649,PRJDB6633,,509590,DRS081757,SAMD00108914,simple,3218,Physcomitrium patens,SAMD00108914,,,,,,,no,,,,,NAIST,DRA006456,,public,026476B32D8A0999C4E01DC75D24F576,028565827FFD07C64A99F3EBFB831027
DRR121292,2018-12-11 16:01:40,2018-12-11 12:59:11,6710133,912578088,6710133,136,381,,https://sra-downloadb.be-md.ncbi.nlm.nih.gov/sos5/sra-pub-zq-11/DRR000/121/DRR121292/DRR121292.sralite.1,DRX114294,Pp0h37,OTHER,cDNA,TRANSCRIPTOMIC,PAIRED,126,0,ILLUMINA,Illumina HiSeq 1500,DRP004649,PRJDB6633,,509590,DRS081758,SAMD00108915,simple,3218,Physcomitrium patens,SAMD00108915,,,,,,,no,,,,,NAIST,DRA006456,,public,18093DA40ACEA8E54DA5963FBE740863,2CD98AA2018DC9C7557035B111A28F42
DRR121293,2018-12-11 16:01:40,2018-12-11 12:56:41,6131393,833869448,6131393,136,365,,https://sra-downloadb.be-md.ncbi.nlm.nih.gov/sos5/sra-pub-zq-11/DRR000/121/DRR121293/DRR121293.sralite.1,DRX114295,Pp0h38,OTHER,cDNA,TRANSCRIPTOMIC,PAIRED,126,0,ILLUMINA,Illumina HiSeq 1500,DRP004649,PRJDB6633,,509590,DRS081759,SAMD00108916,simple,3218,Physcomitrium patens,SAMD00108916,,,,,,,no,,,,,NAIST,DRA006456,,public,B165FD1EAFB7735B62E3DD2AEA2C006E,899077FF9F5A6A64E40B40D6C9AAE2DC
DRR121294,2018-12-11 16:01:40,2018-12-11 12:56:44,6880773,935785128,6880773,136,405,,https://sra-downloadb.be-md.ncbi.nlm.nih.gov/sos5/sra-pub-zq-11/DRR000/121/DRR121294/DRR121294.sralite.1,DRX114296,Pp0h40,OTHER,cDNA,TRANSCRIPTOMIC,PAIRED,126,0,ILLUMINA,Illumina HiSeq 1500,DRP004649,PRJDB6633,,509590,DRS081760,SAMD00108917,simple,3218,Physcomitrium patens,SAMD00108917,,,,,,,no,,,,,NAIST,DRA006456,,public,69A2B18D34267C877C0A41D840945D74,92E9D7EE20B8D0FC8F443E37457FBF66
DRR121295,2018-12-11 16:01:40,2018-12-11 12:57:19,6214319,845147384,6214319,136,358,,https://sra-downloadb.be-md.ncbi.nlm.nih.gov/sos5/sra-pub-zq-11/DRR000/121/DRR121295/DRR121295.sralite.1,DRX114297,Pp0h41,OTHER,cDNA,TRANSCRIPTOMIC,PAIRED,126,0,ILLUMINA,Illumina HiSeq 1500,DRP004649,PRJDB6633,,509590,DRS081761,SAMD00108918,simple,3218,Physcomitrium patens,SAMD00108918,,,,,,,no,,,,,NAIST,DRA006456,,public,9E3849F18FC0B6B988059B54841FA3A3,5B45FF35A226D02076EB39BF839DFC77
DRR121296,2018-12-11 16:01:40,2018-12-11 12:57:06,6997474,951656464,6997474,136,404,,https://sra-downloadb.be-md.ncbi.nlm.nih.gov/sos5/sra-pub-zq-11/DRR000/121/DRR121296/DRR121296.sralite.1,DRX114298,Pp0h42,OTHER,cDNA,TRANSCRIPTOMIC,PAIRED,126,0,ILLUMINA,Illumina HiSeq 1500,DRP004649,PRJDB6633,,509590,DRS081762,SAMD00108919,simple,3218,Physcomitrium patens,SAMD00108919,,,,,,,no,,,,,NAIST,DRA006456,,public,40AF82819E09E7692C7147BD4669A503,D8F01C1B0490D6A0200556FE271B292B
DRR121297,2018-12-11 16:01:40,2018-12-11 12:58:40,4561277,620333672,4561277,136,280,,https://sra-downloadb.be-md.ncbi.nlm.nih.gov/sos5/sra-pub-zq-11/DRR000/121/DRR121297/DRR121297.sralite.1,DRX114299,Pp0h43,OTHER,cDNA,TRANSCRIPTOMIC,PAIRED,126,0,ILLUMINA,Illumina HiSeq 1500,DRP004649,PRJDB6633,,509590,DRS081763,SAMD00108920,simple,3218,Physcomitrium patens,SAMD00108920,,,,,,,no,,,,,NAIST,DRA006456,,public,6E0DA072007C90B6D355445A815219FD,06E43B3F99EB0342F237BBF448B182AF
DRR121298,2018-12-11 16:01:40,2018-12-11 12:58:50,4946431,672714616,4946431,136,300,,https://sra-downloadb.be-md.ncbi.nlm.nih.gov/sos5/sra-pub-zq-11/DRR000/121/DRR121298/DRR121298.sralite.1,DRX114300,Pp0h44,OTHER,cDNA,TRANSCRIPTOMIC,PAIRED,126,0,ILLUMINA,Illumina HiSeq 1500,DRP004649,PRJDB6633,,509590,DRS081764,SAMD00108921,simple,3218,Physcomitrium patens,SAMD00108921,,,,,,,no,,,,,NAIST,DRA006456,,public,86F37DB0ABED0B8E16437DA2E9B08BE2,AD72F8D2B8198002ECFCD92C4FACD78C
DRR121299,2018-12-11 16:01:40,2018-12-11 12:57:43,5665970,770571920,5665970,136,336,,https://sra-downloadb.be-md.ncbi.nlm.nih.gov/sos5/sra-pub-zq-11/DRR000/121/DRR121299/DRR121299.sralite.1,DRX114301,Pp0h45,OTHER,cDNA,TRANSCRIPTOMIC,PAIRED,126,0,ILLUMINA,Illumina HiSeq 1500,DRP004649,PRJDB6633,,509590,DRS081765,SAMD00108922,simple,3218,Physcomitrium patens,SAMD00108922,,,,,,,no,,,,,NAIST,DRA006456,,public,4D725351348C5D352E0995D2410FC172,1FE4B44494EEF8853070DE8D6FBD5B9C
DRR121300,2018-12-11 16:01:40,2018-12-11 12:58:08,5915953,804569608,5915953,136,342,,https://sra-downloadb.be-md.ncbi.nlm.nih.gov/sos5/sra-pub-zq-11/DRR000/121/DRR121300/DRR121300.sralite.1,DRX114302,Pp0h46,OTHER,cDNA,TRANSCRIPTOMIC,PAIRED,126,0,ILLUMINA,Illumina HiSeq 1500,DRP004649,PRJDB6633,,509590,DRS081766,SAMD00108923,simple,3218,Physcomitrium patens,SAMD00108923,,,,,,,no,,,,,NAIST,DRA006456,,public,3ED78CAAFA49A24D4C556855082E1982,82E1AD27AEA10D8D1D0BEC9A0830873B
DRR121301,2018-12-11 16:01:40,2018-12-11 12:58:38,6120198,832346928,6120198,136,357,,https://sra-downloadb.be-md.ncbi.nlm.nih.gov/sos5/sra-pub-zq-11/DRR000/121/DRR121301/DRR121301.sralite.1,DRX114303,Pp0h49,OTHER,cDNA,TRANSCRIPTOMIC,PAIRED,126,0,ILLUMINA,Illumina HiSeq 1500,DRP004649,PRJDB6633,,509590,DRS081767,SAMD00108924,simple,3218,Physcomitrium patens,SAMD00108924,,,,,,,no,,,,,NAIST,DRA006456,,public,92733F4EAD521FB9598D8FB7EC0E9B8E,AA8A90CE9FE0932FBE0C4695CC53067A
DRR121302,2018-12-11 16:01:40,2018-12-11 12:59:01,6031688,820309568,6031688,136,369,,https://sra-downloadb.be-md.ncbi.nlm.nih.gov/sos5/sra-pub-zq-11/DRR000/121/DRR121302/DRR121302.sralite.1,DRX114304,Pp0h50,OTHER,cDNA,TRANSCRIPTOMIC,PAIRED,126,0,ILLUMINA,Illumina HiSeq 1500,DRP004649,PRJDB6633,,509590,DRS081768,SAMD00108925,simple,3218,Physcomitrium patens,SAMD00108925,,,,,,,no,,,,,NAIST,DRA006456,,public,CDF38854B829178D3C53A17A0508EC18,8B69AFDE7BC53E10B98B36550637207B
DRR121303,2018-12-11 16:01:40,2018-12-11 12:57:41,5753621,782492456,5753621,136,322,,https://sra-downloadb.be-md.ncbi.nlm.nih.gov/sos5/sra-pub-zq-11/DRR000/121/DRR121303/DRR121303.sralite.1,DRX114305,Pp24h07,OTHER,cDNA,TRANSCRIPTOMIC,PAIRED,126,0,ILLUMINA,Illumina HiSeq 1500,DRP004649,PRJDB6633,,509590,DRS081769,SAMD00108926,simple,3218,Physcomitrium patens,SAMD00108926,,,,,,,no,,,,,NAIST,DRA006456,,public,8F33F893CCE056D22F94851D13082C87,0B6E6426500EB769174836C0ADD9E7D2
DRR121304,2018-12-11 16:01:40,2018-12-11 12:55:59,5491815,746886840,5491815,136,304,,https://sra-downloadb.be-md.ncbi.nlm.nih.gov/sos5/sra-pub-zq-11/DRR000/121/DRR121304/DRR121304.sralite.1,DRX114306,Pp24h08,OTHER,cDNA,TRANSCRIPTOMIC,PAIRED,126,0,ILLUMINA,Illumina HiSeq 1500,DRP004649,PRJDB6633,,509590,DRS081770,SAMD00108927,simple,3218,Physcomitrium patens,SAMD00108927,,,,,,,no,,,,,NAIST,DRA006456,,public,3337293F23297CEBBC58B428136CBD94,41EFF9E31F9BA3782B84043AE0605AC3
DRR121305,2018-12-11 16:01:40,2018-12-11 12:56:45,6790397,923493992,6790397,136,381,,https://sra-downloadb.be-md.ncbi.nlm.nih.gov/sos5/sra-pub-zq-11/DRR000/121/DRR121305/DRR121305.sralite.1,DRX114307,Pp24h09,OTHER,cDNA,TRANSCRIPTOMIC,PAIRED,126,0,ILLUMINA,Illumina HiSeq 1500,DRP004649,PRJDB6633,,509590,DRS081771,SAMD00108928,simple,3218,Physcomitrium patens,SAMD00108928,,,,,,,no,,,,,NAIST,DRA006456,,public,D42D0FF68A443AF650AC6DB41038E9E4,A5547F1F18758F92715BAB5C0E977A18
DRR121306,2018-12-11 16:01:40,2018-12-11 12:57:52,7035837,956873832,7035837,136,391,,https://sra-downloadb.be-md.ncbi.nlm.nih.gov/sos5/sra-pub-zq-11/DRR000/121/DRR121306/DRR121306.sralite.1,DRX114308,Pp24h10,OTHER,cDNA,TRANSCRIPTOMIC,PAIRED,126,0,ILLUMINA,Illumina HiSeq 1500,DRP004649,PRJDB6633,,509590,DRS081772,SAMD00108929,simple,3218,Physcomitrium patens,SAMD00108929,,,,,,,no,,,,,NAIST,DRA006456,,public,BEE13D23140FD844436DEA2459DAA06C,C75E85ADE34E74EB3DE270E0A8FCC040
DRR121307,2018-12-11 16:01:40,2018-12-11 12:57:10,3566297,485016392,3566297,136,196,,https://sra-downloadb.be-md.ncbi.nlm.nih.gov/sos5/sra-pub-zq-11/DRR000/121/DRR121307/DRR121307.sralite.1,DRX114309,Pp24h11,OTHER,cDNA,TRANSCRIPTOMIC,PAIRED,126,0,ILLUMINA,Illumina HiSeq 1500,DRP004649,PRJDB6633,,509590,DRS081773,SAMD00108930,simple,3218,Physcomitrium patens,SAMD00108930,,,,,,,no,,,,,NAIST,DRA006456,,public,0CD4CE34EF00FD52FEEF5FF2EBA1B0FB,E72D12B912B014ECCC69B11C8359DB5F
DRR121308,2018-12-11 16:01:40,2018-12-11 12:57:01,6460030,878564080,6460030,136,364,,https://sra-downloadb.be-md.ncbi.nlm.nih.gov/sos5/sra-pub-zq-11/DRR000/121/DRR121308/DRR121308.sralite.1,DRX114310,Pp24h13,OTHER,cDNA,TRANSCRIPTOMIC,PAIRED,126,0,ILLUMINA,Illumina HiSeq 1500,DRP004649,PRJDB6633,,509590,DRS081774,SAMD00108931,simple,3218,Physcomitrium patens,SAMD00108931,,,,,,,no,,,,,NAIST,DRA006456,,public,A2A2C62DDC7214A909C9A86B04779663,0AB7094DB6EA2F9635C9DBD3190BD17E
DRR121309,2018-12-11 16:01:40,2018-12-11 12:57:25,6465827,879352472,6465827,136,352,,https://sra-downloadb.be-md.ncbi.nlm.nih.gov/sos5/sra-pub-zq-11/DRR000/121/DRR121309/DRR121309.sralite.1,DRX114311,Pp24h14,OTHER,cDNA,TRANSCRIPTOMIC,PAIRED,126,0,ILLUMINA,Illumina HiSeq 1500,DRP004649,PRJDB6633,,509590,DRS081775,SAMD00108932,simple,3218,Physcomitrium patens,SAMD00108932,,,,,,,no,,,,,NAIST,DRA006456,,public,605203E682FC3854BFBF97EEA0C7E6FD,02938E9C557F74E2A367390DCD2BA717
DRR121310,2018-12-11 16:01:40,2018-12-11 12:56:01,6209773,844529128,6209773,136,347,,https://sra-downloadb.be-md.ncbi.nlm.nih.gov/sos5/sra-pub-zq-11/DRR000/121/DRR121310/DRR121310.sralite.1,DRX114312,Pp24h15,OTHER,cDNA,TRANSCRIPTOMIC,PAIRED,126,0,ILLUMINA,Illumina HiSeq 1500,DRP004649,PRJDB6633,,509590,DRS081776,SAMD00108933,simple,3218,Physcomitrium patens,SAMD00108933,,,,,,,no,,,,,NAIST,DRA006456,,public,FDDD4917BA228CE17C9BC97F558DB2D9,9AEFB4FA7F207561B391137A7D5ABA1B
DRR121311,2018-12-11 16:01:40,2018-12-11 12:58:31,4411992,600030912,4411992,136,245,,https://sra-downloadb.be-md.ncbi.nlm.nih.gov/sos5/sra-pub-zq-11/DRR000/121/DRR121311/DRR121311.sralite.1,DRX114313,Pp24h16,OTHER,cDNA,TRANSCRIPTOMIC,PAIRED,126,0,ILLUMINA,Illumina HiSeq 1500,DRP004649,PRJDB6633,,509590,DRS081777,SAMD00108934,simple,3218,Physcomitrium patens,SAMD00108934,,,,,,,no,,,,,NAIST,DRA006456,,public,6C949375166C5CA524C864C5E2ED61DF,51AB0695105D2FC097392CFCB8FD12E4
DRR121312,2018-12-11 16:01:40,2018-12-11 12:56:20,6016706,818272016,6016706,136,346,,https://sra-downloadb.be-md.ncbi.nlm.nih.gov/sos5/sra-pub-zq-11/DRR000/121/DRR121312/DRR121312.sralite.1,DRX114314,Pp24h19,OTHER,cDNA,TRANSCRIPTOMIC,PAIRED,126,0,ILLUMINA,Illumina HiSeq 1500,DRP004649,PRJDB6633,,509590,DRS081778,SAMD00108935,simple,3218,Physcomitrium patens,SAMD00108935,,,,,,,no,,,,,NAIST,DRA006456,,public,2C60E34DD22E727A34AB91D25110767D,81D7374EDEA5663B2214DDA2F16F4C6B
DRR121313,2018-12-11 16:01:40,2018-12-11 12:55:40,5226008,710737088,5226008,136,295,,https://sra-downloadb.be-md.ncbi.nlm.nih.gov/sos5/sra-pub-zq-11/DRR000/121/DRR121313/DRR121313.sralite.1,DRX114315,Pp24h20,OTHER,cDNA,TRANSCRIPTOMIC,PAIRED,126,0,ILLUMINA,Illumina HiSeq 1500,DRP004649,PRJDB6633,,509590,DRS081779,SAMD00108936,simple,3218,Physcomitrium patens,SAMD00108936,,,,,,,no,,,,,NAIST,DRA006456,,public,650B5F20DF9DB4911C95475E2551CF88,60B0FAB1FF2B391524134502BB58A161
DRR121314,2018-12-11 16:01:40,2018-12-11 12:56:00,6949613,945147368,6949613,136,376,,https://sra-downloadb.be-md.ncbi.nlm.nih.gov/sos5/sra-pub-zq-11/DRR000/121/DRR121314/DRR121314.sralite.1,DRX114316,Pp24h22,OTHER,cDNA,TRANSCRIPTOMIC,PAIRED,126,0,ILLUMINA,Illumina HiSeq 1500,DRP004649,PRJDB6633,,509590,DRS081780,SAMD00108937,simple,3218,Physcomitrium patens,SAMD00108937,,,,,,,no,,,,,NAIST,DRA006456,,public,CE1BE46E7D5C19B3C814E68D4157E5C8,6BD3ACE324D8E00C2482B386DE26A8D5
DRR121315,2018-12-11 16:01:40,2018-12-11 12:57:55,6450009,877201224,6450009,136,359,,https://sra-downloadb.be-md.ncbi.nlm.nih.gov/sos5/sra-pub-zq-11/DRR000/121/DRR121315/DRR121315.sralite.1,DRX114317,Pp24h27,OTHER,cDNA,TRANSCRIPTOMIC,PAIRED,126,0,ILLUMINA,Illumina HiSeq 1500,DRP004649,PRJDB6633,,509590,DRS081781,SAMD00108938,simple,3218,Physcomitrium patens,SAMD00108938,,,,,,,no,,,,,NAIST,DRA006456,,public,5E440B5B773DAC679241FC2780DBB13D,0842E2224CCC15E2159440B8B92E8E69
DRR121316,2018-12-11 16:01:40,2018-12-11 12:57:29,6169891,839105176,6169891,136,340,,https://sra-downloadb.be-md.ncbi.nlm.nih.gov/sos5/sra-pub-zq-11/DRR000/121/DRR121316/DRR121316.sralite.1,DRX114318,Pp24h28,OTHER,cDNA,TRANSCRIPTOMIC,PAIRED,126,0,ILLUMINA,Illumina HiSeq 1500,DRP004649,PRJDB6633,,509590,DRS081782,SAMD00108939,simple,3218,Physcomitrium patens,SAMD00108939,,,,,,,no,,,,,NAIST,DRA006456,,public,C8B593714697908AD8A9F8DFAB945359,D6731905D9FDCF96675E00CA081545F3
DRR121317,2018-12-11 16:01:40,2018-12-11 12:58:01,4716421,641433256,4716421,136,260,,https://sra-downloadb.be-md.ncbi.nlm.nih.gov/sos5/sra-pub-zq-11/DRR000/121/DRR121317/DRR121317.sralite.1,DRX114319,Pp24h29,OTHER,cDNA,TRANSCRIPTOMIC,PAIRED,126,0,ILLUMINA,Illumina HiSeq 1500,DRP004649,PRJDB6633,,509590,DRS081783,SAMD00108940,simple,3218,Physcomitrium patens,SAMD00108940,,,,,,,no,,,,,NAIST,DRA006456,,public,11FD6447A1EE54758DE196229F1C6E3B,9AE1C3BA31498ACB955C1CAA4A2217F6
DRR121318,2018-12-11 16:01:40,2018-12-11 12:58:38,5859296,796864256,5859296,136,326,,https://sra-downloadb.be-md.ncbi.nlm.nih.gov/sos5/sra-pub-zq-11/DRR000/121/DRR121318/DRR121318.sralite.1,DRX114320,Pp24h30,OTHER,cDNA,TRANSCRIPTOMIC,PAIRED,126,0,ILLUMINA,Illumina HiSeq 1500,DRP004649,PRJDB6633,,509590,DRS081784,SAMD00108941,simple,3218,Physcomitrium patens,SAMD00108941,,,,,,,no,,,,,NAIST,DRA006456,,public,6CCB396EAC66B302544E14501AE6E10C,4AE06ADF632B4D3BAEC72687C6928AE6
DRR121319,2018-12-11 16:01:40,2018-12-11 12:56:19,5798177,788552072,5798177,136,317,,https://sra-downloadb.be-md.ncbi.nlm.nih.gov/sos5/sra-pub-zq-11/DRR000/121/DRR121319/DRR121319.sralite.1,DRX114321,Pp24h31,OTHER,cDNA,TRANSCRIPTOMIC,PAIRED,126,0,ILLUMINA,Illumina HiSeq 1500,DRP004649,PRJDB6633,,509590,DRS081785,SAMD00108942,simple,3218,Physcomitrium patens,SAMD00108942,,,,,,,no,,,,,NAIST,DRA006456,,public,F71EE4FCE15BEA36FC3DECC9C07B35C1,ABF2DCB2D7ECBC9BE097D118714A7681
DRR121320,2018-12-11 16:01:40,2018-12-11 12:57:24,4817214,655141104,4817214,136,275,,https://sra-downloadb.be-md.ncbi.nlm.nih.gov/sos5/sra-pub-zq-11/DRR000/121/DRR121320/DRR121320.sralite.1,DRX114322,Pp24h32,OTHER,cDNA,TRANSCRIPTOMIC,PAIRED,126,0,ILLUMINA,Illumina HiSeq 1500,DRP004649,PRJDB6633,,509590,DRS081786,SAMD00108943,simple,3218,Physcomitrium patens,SAMD00108943,,,,,,,no,,,,,NAIST,DRA006456,,public,611CB323C9B85FFD5AD089A561058CA6,7537F939DC208184CB0AF22963E5991D
DRR121321,2018-12-11 16:01:40,2018-12-11 12:59:02,5640991,767174776,5640991,136,308,,https://sra-downloadb.be-md.ncbi.nlm.nih.gov/sos5/sra-pub-zq-11/DRR000/121/DRR121321/DRR121321.sralite.1,DRX114323,Pp24h33,OTHER,cDNA,TRANSCRIPTOMIC,PAIRED,126,0,ILLUMINA,Illumina HiSeq 1500,DRP004649,PRJDB6633,,509590,DRS081787,SAMD00108944,simple,3218,Physcomitrium patens,SAMD00108944,,,,,,,no,,,,,NAIST,DRA006456,,public,5FD505113F78308035767F8267958A2B,479DB052A57CD7F9F2B94118FB389BAF
DRR121322,2018-12-11 16:01:41,2018-12-11 12:58:39,4232712,575648832,4232712,136,234,,https://sra-downloadb.be-md.ncbi.nlm.nih.gov/sos5/sra-pub-zq-11/DRR000/121/DRR121322/DRR121322.sralite.1,DRX114324,Pp24h34,OTHER,cDNA,TRANSCRIPTOMIC,PAIRED,126,0,ILLUMINA,Illumina HiSeq 1500,DRP004649,PRJDB6633,,509590,DRS081788,SAMD00108945,simple,3218,Physcomitrium patens,SAMD00108945,,,,,,,no,,,,,NAIST,DRA006456,,public,A4618CE4CF4E903D08DE82C81A91DF2C,67539F82337E1E8B3A0EC2574D88E519
DRR121323,2018-12-11 16:01:41,2018-12-11 12:57:26,7300790,992907440,7300790,136,397,,https://sra-downloadb.be-md.ncbi.nlm.nih.gov/sos5/sra-pub-zq-11/DRR000/121/DRR121323/DRR121323.sralite.1,DRX114325,Pp24h35,OTHER,cDNA,TRANSCRIPTOMIC,PAIRED,126,0,ILLUMINA,Illumina HiSeq 1500,DRP004649,PRJDB6633,,509590,DRS081789,SAMD00108946,simple,3218,Physcomitrium patens,SAMD00108946,,,,,,,no,,,,,NAIST,DRA006456,,public,6FCA422D7D65ECC574D0ED2EA955E546,C25430E2A4B52FC681E12E7102381E12
DRR121324,2018-12-11 16:01:41,2018-12-11 12:58:51,5798688,788621568,5798688,136,315,,https://sra-downloadb.be-md.ncbi.nlm.nih.gov/sos5/sra-pub-zq-11/DRR000/121/DRR121324/DRR121324.sralite.1,DRX114326,Pp24h36,OTHER,cDNA,TRANSCRIPTOMIC,PAIRED,126,0,ILLUMINA,Illumina HiSeq 1500,DRP004649,PRJDB6633,,509590,DRS081790,SAMD00108947,simple,3218,Physcomitrium patens,SAMD00108947,,,,,,,no,,,,,NAIST,DRA006456,,public,755871E735FA2A32ED48573DB890C6B9,F854A83D30CB748002B2436B6E4414E2
DRR121325,2018-12-11 16:01:41,2018-12-11 12:57:05,5365217,729669512,5365217,136,293,,https://sra-downloadb.be-md.ncbi.nlm.nih.gov/sos5/sra-pub-zq-11/DRR000/121/DRR121325/DRR121325.sralite.1,DRX114327,Pp24h37,OTHER,cDNA,TRANSCRIPTOMIC,PAIRED,126,0,ILLUMINA,Illumina HiSeq 1500,DRP004649,PRJDB6633,,509590,DRS081791,SAMD00108948,simple,3218,Physcomitrium patens,SAMD00108948,,,,,,,no,,,,,NAIST,DRA006456,,public,E601B7BA8714389089F378BDC36B767A,F3C680A37AC41D807646279606091ED5
DRR121326,2018-12-11 16:01:41,2018-12-11 12:58:41,3892714,529409104,3892714,136,215,,https://sra-downloadb.be-md.ncbi.nlm.nih.gov/sos5/sra-pub-zq-11/DRR000/121/DRR121326/DRR121326.sralite.1,DRX114328,Pp24h38,OTHER,cDNA,TRANSCRIPTOMIC,PAIRED,126,0,ILLUMINA,Illumina HiSeq 1500,DRP004649,PRJDB6633,,509590,DRS081792,SAMD00108949,simple,3218,Physcomitrium patens,SAMD00108949,,,,,,,no,,,,,NAIST,DRA006456,,public,7D67B82ECA45CE7BA2CFF24098ACF421,C4E7D0299F0885A158815A14BC146C0A
DRR121327,2018-12-11 16:01:41,2018-12-11 12:57:05,5192421,706169256,5192421,136,287,,https://sra-downloadb.be-md.ncbi.nlm.nih.gov/sos5/sra-pub-zq-11/DRR000/121/DRR121327/DRR121327.sralite.1,DRX114329,Pp24h39,OTHER,cDNA,TRANSCRIPTOMIC,PAIRED,126,0,ILLUMINA,Illumina HiSeq 1500,DRP004649,PRJDB6633,,509590,DRS081793,SAMD00108950,simple,3218,Physcomitrium patens,SAMD00108950,,,,,,,no,,,,,NAIST,DRA006456,,public,38A5971A64DF635E5039C7682E0FD85C,89C219EC60CCACD074CAC41473DE9352
DRR121328,2018-12-11 16:01:41,2018-12-11 12:56:55,3644312,495626432,3644312,136,200,,https://sra-downloadb.be-md.ncbi.nlm.nih.gov/sos5/sra-pub-zq-11/DRR000/121/DRR121328/DRR121328.sralite.1,DRX114330,Pp24h40,OTHER,cDNA,TRANSCRIPTOMIC,PAIRED,126,0,ILLUMINA,Illumina HiSeq 1500,DRP004649,PRJDB6633,,509590,DRS081794,SAMD00108951,simple,3218,Physcomitrium patens,SAMD00108951,,,,,,,no,,,,,NAIST,DRA006456,,public,FE24D835C940361D8C8BC7AD5D13FCB5,88A73503DD65C8EC0E642C594A550C1F
DRR121329,2018-12-11 16:01:41,2018-12-11 12:56:44,5354735,728243960,5354735,136,292,,https://sra-downloadb.be-md.ncbi.nlm.nih.gov/sos5/sra-pub-zq-11/DRR000/121/DRR121329/DRR121329.sralite.1,DRX114331,Pp24h42,OTHER,cDNA,TRANSCRIPTOMIC,PAIRED,126,0,ILLUMINA,Illumina HiSeq 1500,DRP004649,PRJDB6633,,509590,DRS081795,SAMD00108952,simple,3218,Physcomitrium patens,SAMD00108952,,,,,,,no,,,,,NAIST,DRA006456,,public,2B0197E1358944817745D474083A63B6,9E41407D0794D56FAE64EF58B576CED5
DRR121330,2018-12-11 16:01:41,2018-12-11 12:59:01,5390838,733153968,5390838,136,309,,https://sra-downloadb.be-md.ncbi.nlm.nih.gov/sos5/sra-pub-zq-11/DRR000/121/DRR121330/DRR121330.sralite.1,DRX114332,Pp24h44,OTHER,cDNA,TRANSCRIPTOMIC,PAIRED,126,0,ILLUMINA,Illumina HiSeq 1500,DRP004649,PRJDB6633,,509590,DRS081796,SAMD00108953,simple,3218,Physcomitrium patens,SAMD00108953,,,,,,,no,,,,,NAIST,DRA006456,,public,853B6B6654675E422FE6E2871E8E6F8C,F69F3C5C59715A70A5FB0A9BB535D18C
DRR121331,2018-12-11 16:01:41,2018-12-11 12:57:26,6012826,817744336,6012826,136,341,,https://sra-downloadb.be-md.ncbi.nlm.nih.gov/sos5/sra-pub-zq-11/DRR000/121/DRR121331/DRR121331.sralite.1,DRX114333,Pp24h45,OTHER,cDNA,TRANSCRIPTOMIC,PAIRED,126,0,ILLUMINA,Illumina HiSeq 1500,DRP004649,PRJDB6633,,509590,DRS081797,SAMD00108954,simple,3218,Physcomitrium patens,SAMD00108954,,,,,,,no,,,,,NAIST,DRA006456,,public,AC616AF478137C374928DEC63567DCA7,341DB902E45A08D73308310B29DFE50F
DRR121332,2018-12-11 16:01:41,2018-12-11 12:58:31,6517639,886398904,6517639,136,393,,https://sra-downloadb.be-md.ncbi.nlm.nih.gov/sos5/sra-pub-zq-11/DRR000/121/DRR121332/DRR121332.sralite.1,DRX114334,Pp24h46,OTHER,cDNA,TRANSCRIPTOMIC,PAIRED,126,0,ILLUMINA,Illumina HiSeq 1500,DRP004649,PRJDB6633,,509590,DRS081798,SAMD00108955,simple,3218,Physcomitrium patens,SAMD00108955,,,,,,,no,,,,,NAIST,DRA006456,,public,A28925DF71B4FCC13BA090DA6E49255D,98B9426DB11D2127FC661D0F8B3C50A2
DRR121333,2018-12-11 16:01:41,2018-12-11 12:56:39,5466740,743476640,5466740,136,304,,https://sra-downloadb.be-md.ncbi.nlm.nih.gov/sos5/sra-pub-zq-11/DRR000/121/DRR121333/DRR121333.sralite.1,DRX114335,Pp24h47,OTHER,cDNA,TRANSCRIPTOMIC,PAIRED,126,0,ILLUMINA,Illumina HiSeq 1500,DRP004649,PRJDB6633,,509590,DRS081799,SAMD00108956,simple,3218,Physcomitrium patens,SAMD00108956,,,,,,,no,,,,,NAIST,DRA006456,,public,E8450D004CFB78AF3D52EBD3F1A66A65,BEEF60E2993A05F2F8E8A46A6317ED0E
DRR121334,2018-12-11 16:01:41,2018-12-11 12:59:01,4592609,624594824,4592609,136,255,,https://sra-downloadb.be-md.ncbi.nlm.nih.gov/sos5/sra-pub-zq-11/DRR000/121/DRR121334/DRR121334.sralite.1,DRX114336,Pp24h48,OTHER,cDNA,TRANSCRIPTOMIC,PAIRED,126,0,ILLUMINA,Illumina HiSeq 1500,DRP004649,PRJDB6633,,509590,DRS081800,SAMD00108957,simple,3218,Physcomitrium patens,SAMD00108957,,,,,,,no,,,,,NAIST,DRA006456,,public,B51B8C21A5B67BD91E160F7B99789954,DDF28A0570DF88A62B0637494B8EF243
DRR121335,2018-12-11 16:01:41,2018-12-11 12:58:18,2794429,380042344,2794429,136,167,,https://sra-downloadb.be-md.ncbi.nlm.nih.gov/sos5/sra-pub-zq-11/DRR000/121/DRR121335/DRR121335.sralite.1,DRX114337,Pp24h49,OTHER,cDNA,TRANSCRIPTOMIC,PAIRED,126,0,ILLUMINA,Illumina HiSeq 1500,DRP004649,PRJDB6633,,509590,DRS081801,SAMD00108958,simple,3218,Physcomitrium patens,SAMD00108958,,,,,,,no,,,,,NAIST,DRA006456,,public,26AA26D98804B30C6175F123F7A8E766,F9762BE76B8B17C6DBAD05D011CC9FB3
DRR121336,2018-12-11 16:01:41,2018-12-11 12:57:49,3563492,484634912,3563492,136,199,,https://sra-downloadb.be-md.ncbi.nlm.nih.gov/sos5/sra-pub-zq-11/DRR000/121/DRR121336/DRR121336.sralite.1,DRX114338,Pp24h50,OTHER,cDNA,TRANSCRIPTOMIC,PAIRED,126,0,ILLUMINA,Illumina HiSeq 1500,DRP004649,PRJDB6633,,509590,DRS081802,SAMD00108959,simple,3218,Physcomitrium patens,SAMD00108959,,,,,,,no,,,,,NAIST,DRA006456,,public,4500474AF0C4103D4F95BD93270AA167,832DE17706761C47A2CBB709A2B19E7C
SRR072917,2010-11-26 13:51:40,2014-05-29 04:45:57,14544844,581793760,0,40,405,,https://sra-downloadb.be-md.ncbi.nlm.nih.gov/sos5/sra-pub-zq-11/SRR000/072/SRR072917/SRR072917.sralite.1,SRX031155,GSM621122: Chloronemata_200ng.ml-1 bleomycin_24hours,OTHER,cDNA,TRANSCRIPTOMIC,SINGLE,0,0,ILLUMINA,Illumina Genome Analyzer II,SRP004443,PRJNA134901,2,134901,SRS121237,SAMN00120316,simple,3218,Physcomitrella patens,GSM621122,,,,,,,no,,,,,GEO,SRA026470,,public,AC108FFE96E94688EDFFF5197CEF268E,2B432F1B4648CD3AED26C4CB62BCCAD0
SRR072918,2010-11-26 13:51:40,2014-05-29 04:46:19,15942360,637694400,0,40,445,,https://sra-downloadb.be-md.ncbi.nlm.nih.gov/sos5/sra-pub-zq-11/SRR000/072/SRR072918/SRR072918.sralite.1,SRX031156,GSM621123: Chloronemata_untreated_24hours,OTHER,cDNA,TRANSCRIPTOMIC,SINGLE,0,0,ILLUMINA,Illumina Genome Analyzer II,SRP004443,PRJNA134901,2,134901,SRS121238,SAMN00120317,simple,3218,Physcomitrella patens,GSM621123,,,,,,,no,,,,,GEO,SRA026470,,public,F32E5E03D90C091BFCE354C315B7B427,4EF4FCBA47D16FF41867B1A532D5CF8B
SRR14784394,2022-06-05 02:10:19,2022-07-15 01:36:48,46238456,14287682904,46238456,309,4382,,https://sra-downloadb.be-md.ncbi.nlm.nih.gov/sos4/sra-pub-zq-1/SRR014/14784/SRR14784394/SRR14784394.lite.1,SRX11117690,RIPseq: PTB-5myc_rep3,RIP-Seq,other,TRANSCRIPTOMIC,PAIRED,0,0,ILLUMINA,Illumina NovaSeq 6000,SRP323685,PRJNA735437,,735437,SRS9181500,SAMN19582130,simple,3218,Physcomitrium patens,RIPseq: PTB-5myc,,,,,,,no,,,,,ACADEMIA SINICA,SRA1243593,,public,7371E99649DCB52B20F8C29572201FD7,C144E0CABC88C5707D652FB93B169625
SRR14784395,2022-06-05 02:10:19,2022-07-15 02:27:21,61627766,19042979694,61627766,309,5838,,https://sra-downloadb.be-md.ncbi.nlm.nih.gov/sos2/sra-pub-zq-20/SRR014/14784/SRR14784395/SRR14784395.lite.1,SRX11117689,RIPseq: PTB-5myc_rep2,RIP-Seq,other,TRANSCRIPTOMIC,PAIRED,0,0,ILLUMINA,Illumina NovaSeq 6000,SRP323685,PRJNA735437,,735437,SRS9181500,SAMN19582130,simple,3218,Physcomitrium patens,RIPseq: PTB-5myc,,,,,,,no,,,,,ACADEMIA SINICA,SRA1243593,,public,EF5C0E91BC089F2972A81F4997E78DE2,10DA9D310F4ED74538092783E2533A12
SRR14784396,2022-06-05 02:10:19,2022-07-15 01:13:44,45959247,14201407323,45959247,309,4324,,https://sra-downloadb.be-md.ncbi.nlm.nih.gov/sos2/sra-pub-zq-18/SRR014/14784/SRR14784396/SRR14784396.lite.1,SRX11117688,RIPseq: PTB-5myc_rep1,RIP-Seq,other,TRANSCRIPTOMIC,PAIRED,0,0,ILLUMINA,Illumina NovaSeq 6000,SRP323685,PRJNA735437,,735437,SRS9181500,SAMN19582130,simple,3218,Physcomitrium patens,RIPseq: PTB-5myc,,,,,,,no,,,,,ACADEMIA SINICA,SRA1243593,,public,77B7B0BAA4DECCB7ACFDC0ADA9D02696,81F4E1E55557B06F9CF3DF95584C93E2
SRR14784391,2022-06-05 02:10:19,2022-07-15 01:51:15,48837348,15090740532,48837348,309,4524,,https://sra-downloadb.be-md.ncbi.nlm.nih.gov/sos2/sra-pub-zq-18/SRR014/14784/SRR14784391/SRR14784391.lite.1,SRX11117693,RIPseq: WT_rep3,RIP-Seq,other,TRANSCRIPTOMIC,PAIRED,0,0,ILLUMINA,Illumina NovaSeq 6000,SRP323685,PRJNA735437,,735437,SRS9181501,SAMN19582132,simple,3218,Physcomitrium patens,RIPseq: WT,,,,,,,no,,,,,ACADEMIA SINICA,SRA1243593,,public,D68AE753DF222FF4549EBD9DD26AC4F7,61EF9DB82D48104E5218613C94767951
SRR14784392,2022-06-05 02:10:19,2022-07-14 19:26:38,70344132,21736336788,70344132,309,6436,,https://sra-downloadb.be-md.ncbi.nlm.nih.gov/sos4/sra-pub-zq-1/SRR014/14784/SRR14784392/SRR14784392.lite.1,SRX11117692,RIPseq: WT_rep2,RIP-Seq,other,TRANSCRIPTOMIC,PAIRED,0,0,ILLUMINA,Illumina NovaSeq 6000,SRP323685,PRJNA735437,,735437,SRS9181501,SAMN19582132,simple,3218,Physcomitrium patens,RIPseq: WT,,,,,,,no,,,,,ACADEMIA SINICA,SRA1243593,,public,A3445C81725DD1429DBC48C6BC9E5BF1,09AF4A0170F67E3A0404BC01B94A0B67
SRR14784393,2022-06-05 02:10:19,2022-07-15 01:58:15,51862223,16025426907,51862223,309,4792,,https://sra-downloadb.be-md.ncbi.nlm.nih.gov/sos4/sra-pub-zq-1/SRR014/14784/SRR14784393/SRR14784393.lite.1,SRX11117691,RIPseq: WT_rep1,RIP-Seq,other,TRANSCRIPTOMIC,PAIRED,0,0,ILLUMINA,Illumina NovaSeq 6000,SRP323685,PRJNA735437,,735437,SRS9181501,SAMN19582132,simple,3218,Physcomitrium patens,RIPseq: WT,,,,,,,no,,,,,ACADEMIA SINICA,SRA1243593,,public,06FCFBA06C0CF3C61B009B99F26D12A0,AF47BCC97DA9DB5337D30D8A436FFFF7
